S2_7_CLOCK_SUMMARY	1
source_sha	93803e0be5dda29d989846f836612bfeac1d6416
build_identity	rustc_1.97.1_(8bab26f4f_2026-07-14)|binary:_rustc|commit-hash:_8bab26f4f68e0e26f0bb7960be334d5b520ea452|commit-date:_2026-07-14|host:_x86_64-unknown-linux-gnu|release:_1.97.1|LLVM_version:_22.1.6
pairs	8
clock_milliseconds	10
decision	rejected_strength
wins	1
draws	0
losses	1
unfinished	14
illegal_moves	0
crashes	0
time_forfeits	0
infrastructure_failures	0
mean_bits	3fe0000000000000
se_bits	3fa83091e6a7f7e6
lower_bits	3fdb06c41fed7e14
checksum	59eb75c254cfbb3e
activated	false
