stage	architecture	run_id	job_id	artifact_id	digest	source_sha
baseline-performance	x86-64	31100066672	-	8967077294	sha256:3e71b7ec1887ed29a6676b0274602a06836c5db629fa2935fa6bd5c2cec4328e	b20d34b3fc6210f0eff7a2124168e6d5e084f36a
baseline-performance	arm64	31100066672	-	8967076768	sha256:414f77ae9e56785dbfe3a0819371f1505424560b0b8761e9d54f8a4cb65048db	b20d34b3fc6210f0eff7a2124168e6d5e084f36a
baseline-callgrind	x86-64	31103010137	92621028212	8968350766	sha256:bd941fdc742a09224ff0178347c4b7c0d0b8fc942ff80962f9897f660a4615bc	b20d34b3fc6210f0eff7a2124168e6d5e084f36a
baseline-callgrind	arm64	31103010137	92621028108	8968365608	sha256:fbc60f2b39078aaa1b4019a07b822efc5001f34138ded25572dbaf2a152dae0d	b20d34b3fc6210f0eff7a2124168e6d5e084f36a
portable-candidate	x86-64	31104319109	92625431797	8968909641	sha256:69357a47856dc04edf9968b678cd231cfbc6dc9f16b480ae9578a214f06f1dc4	507a7536e9312b607c091fd873d29396c1b578d7
portable-candidate	arm64	31104319109	92625431759	8968925643	sha256:fddddb7b77bdb23d0685417c69643e79f7447e0869c4d4e05410dc73a7e337de	507a7536e9312b607c091fd873d29396c1b578d7
final-dispatch	x86-64	31105092637	92628044216	8969180920	sha256:1cb53e029936cef3caedccdb1fd1f5d1b13ffe079481ade61039a9131746aa7b	392342c3122c54c47cf485d8bb36c8f5a8c5a762
final-dispatch	arm64	31105092637	92628044139	8969177826	sha256:6e4ba7a6d726bfe86968701f558976910e20fcd7316aaa216edfe185fb511a3c	392342c3122c54c47cf485d8bb36c8f5a8c5a762
android-jni	android-arm64	31100066741	-	8967168646	sha256:45656b54a2c2733ff66a819b63e0df374a4013354aaba002900859a500eb2741	b20d34b3fc6210f0eff7a2124168e6d5e084f36a
